,ds,trend,yhat_lower,yhat_upper,trend_lower,trend_upper,additive_terms,additive_terms_lower,additive_terms_upper,weekly,weekly_lower,weekly_upper,multiplicative_terms,multiplicative_terms_lower,multiplicative_terms_upper,yhat
0,2021-03-24,3190.4871257087257,3034.8722852805886,3390.768797374466,3190.4871257087257,3190.4871257087257,24.372997786580477,24.372997786580477,24.372997786580477,24.372997786580477,24.372997786580477,24.372997786580477,0.0,0.0,0.0,3214.860123495306
1,2021-03-25,3192.632017564126,3052.2411874928393,3384.8184656118788,3192.632017564126,3192.632017564126,23.731277693948336,23.731277693948336,23.731277693948336,23.731277693948336,23.731277693948336,23.731277693948336,0.0,0.0,0.0,3216.3632952580742
2,2021-03-26,3194.776909419526,3035.3874827092627,3388.684628288969,3194.776909419526,3194.776909419526,17.417361652698702,17.417361652698702,17.417361652698702,17.417361652698702,17.417361652698702,17.417361652698702,0.0,0.0,0.0,3212.1942710722246
3,2021-03-29,3201.2115849857273,3037.3096829940014,3383.0537143402235,3201.2115849857273,3201.2115849857273,15.795904411502258,15.795904411502258,15.795904411502258,15.795904411502258,15.795904411502258,15.795904411502258,0.0,0.0,0.0,3217.0074893972296
4,2021-03-30,3203.3564768411275,3051.8501955261286,3410.5561401539862,3203.3564768411275,3203.3564768411275,24.877911174275678,24.877911174275678,24.877911174275678,24.877911174275678,24.877911174275678,24.877911174275678,0.0,0.0,0.0,3228.234388015403
5,2021-03-31,3205.501368696528,3050.4034497882835,3412.692769879428,3205.501368696528,3205.501368696528,24.37299778657709,24.37299778657709,24.37299778657709,24.37299778657709,24.37299778657709,24.37299778657709,0.0,0.0,0.0,3229.874366483105
6,2021-04-01,3207.646260551928,3053.964373921913,3399.6204889707096,3207.646260551928,3207.646260551928,23.731277693981397,23.731277693981397,23.731277693981397,23.731277693981397,23.731277693981397,23.731277693981397,0.0,0.0,0.0,3231.37753824591
7,2021-04-05,3216.2258279735297,3057.6066045120742,3406.0866713694822,3216.2258279735297,3216.2258279735297,15.79590441159519,15.79590441159519,15.79590441159519,15.79590441159519,15.79590441159519,15.79590441159519,0.0,0.0,0.0,3232.021732385125
8,2021-04-06,3218.37071982893,3074.6598605645377,3432.806840402519,3218.37071982893,3218.37071982893,24.877911174286528,24.877911174286528,24.877911174286528,24.877911174286528,24.877911174286528,24.877911174286528,0.0,0.0,0.0,3243.2486310032164
9,2021-04-07,3220.5156117322545,3074.33781165739,3428.214286718862,3220.5156117322545,3220.5156117322545,24.37299778657737,24.37299778657737,24.37299778657737,24.37299778657737,24.37299778657737,24.37299778657737,0.0,0.0,0.0,3244.888609518832
10,2021-04-08,3222.660503635579,3069.2603546606597,3423.5243979917977,3222.660503635579,3222.660503635579,23.73127769392365,23.73127769392365,23.73127769392365,23.73127769392365,23.73127769392365,23.73127769392365,0.0,0.0,0.0,3246.391781329503
11,2021-04-09,3224.805395538903,3069.501769185376,3415.1638945321065,3224.805395538903,3224.805395538903,17.417361652857142,17.417361652857142,17.417361652857142,17.417361652857142,17.417361652857142,17.417361652857142,0.0,0.0,0.0,3242.22275719176
12,2021-04-12,3231.2400712488766,3055.8528499131535,3417.2157627893585,3231.2400712488766,3231.2400712488766,15.795904411602573,15.795904411602573,15.795904411602573,15.795904411602573,15.795904411602573,15.795904411602573,0.0,0.0,0.0,3247.035975660479
13,2021-04-13,3233.384963152201,3073.917990630678,3440.7207794570695,3233.384963152201,3233.384963152201,24.8779111743215,24.8779111743215,24.8779111743215,24.8779111743215,24.8779111743215,24.8779111743215,0.0,0.0,0.0,3258.2628743265227
14,2021-04-14,3235.529855055526,3086.8980080104307,3438.4982675381225,3235.529855055526,3235.529855055526,24.372997786577642,24.372997786577642,24.372997786577642,24.372997786577642,24.372997786577642,24.372997786577642,0.0,0.0,0.0,3259.9028528421036
15,2021-04-15,3237.67474695885,3079.6897980103904,3445.6322563863346,3237.67474695885,3237.67474695885,23.731277693937542,23.731277693937542,23.731277693937542,23.731277693937542,23.731277693937542,23.731277693937542,0.0,0.0,0.0,3261.4060246527874
16,2021-04-16,3239.8196388621745,3083.6559134800486,3436.686146795272,3239.8196388621745,3239.8196388621745,17.417361652770992,17.417361652770992,17.417361652770992,17.417361652770992,17.417361652770992,17.417361652770992,0.0,0.0,0.0,3257.2370005149455
17,2021-04-19,3246.2543146554526,3074.88613782646,3442.9600703220813,3246.2543146554526,3246.2543146554526,15.795904411609945,15.795904411609945,15.795904411609945,15.795904411609945,15.795904411609945,15.795904411609945,0.0,0.0,0.0,3262.0502190670627
18,2021-04-20,3248.399206586546,3088.512348937986,3450.50727464938,3248.399206586546,3248.399206586546,24.877911174306572,24.877911174306572,24.877911174306572,24.877911174306572,24.877911174306572,24.877911174306572,0.0,0.0,0.0,3273.2771177608524
19,2021-04-21,3250.5440985176383,3101.630732537795,3455.0962397074154,3250.5440985176383,3250.5440985176383,24.37299778657792,24.37299778657792,24.37299778657792,24.37299778657792,24.37299778657792,24.37299778657792,0.0,0.0,0.0,3274.917096304216
20,2021-04-22,3252.6889904487316,3084.3423956002584,3462.7746029130376,3252.6889904487316,3252.6889904487316,23.731277693951426,23.731277693951426,23.731277693951426,23.731277693951426,23.731277693951426,23.731277693951426,0.0,0.0,0.0,3276.420268142683
21,2021-04-23,3254.833882379824,3092.278559420751,3453.7360065658763,3254.833882379824,3254.833882379824,17.41736165276126,17.41736165276126,17.41736165276126,17.41736165276126,17.41736165276126,17.41736165276126,0.0,0.0,0.0,3272.2512440325854
22,2021-04-26,3261.268558173102,3090.5012116603593,3449.193433489385,3261.268558173102,3261.268558173102,15.795904411660104,15.795904411660104,15.795904411660104,15.795904411660104,15.795904411660104,15.795904411660104,0.0,0.0,0.0,3277.064462584762
23,2021-04-27,3263.4134501041954,3126.132363974847,3471.6417868320877,3263.4134501041954,3263.4134501041954,24.877911174291647,24.877911174291647,24.877911174291647,24.877911174291647,24.877911174291647,24.877911174291647,0.0,0.0,0.0,3288.291361278487
24,2021-04-28,3265.558342035288,3118.9601470848875,3471.99533243837,3265.558342035288,3265.558342035288,24.372997786574523,24.372997786574523,24.372997786574523,24.372997786574523,24.372997786574523,24.372997786574523,0.0,0.0,0.0,3289.931339821863
25,2021-04-29,3267.7032339491625,3107.210582383486,3476.3765959621032,3267.7032339491625,3267.7032339491625,23.73127769391285,23.73127769391285,23.73127769391285,23.73127769391285,23.73127769391285,23.73127769391285,0.0,0.0,0.0,3291.4345116430754
26,2021-04-30,3269.848125863037,3111.7012192628354,3457.7352781311224,3269.848125863037,3269.848125863037,17.417361652751534,17.417361652751534,17.417361652751534,17.417361652751534,17.417361652751534,17.417361652751534,0.0,0.0,0.0,3287.265487515788
27,2021-05-03,3276.2828016046597,3123.545330178349,3480.875028621636,3276.2828016046597,3276.2828016046597,15.795904411710266,15.795904411710266,15.795904411710266,15.795904411710266,15.795904411710266,15.795904411710266,0.0,0.0,0.0,3292.07870601637
28,2021-05-04,3278.4276935185344,3133.60570389151,3477.5734706557773,3278.4276935185344,3278.4276935185344,24.877911174302504,24.877911174302504,24.877911174302504,24.877911174302504,24.877911174302504,24.877911174302504,0.0,0.0,0.0,3303.305604692837
29,2021-05-05,3280.5725854324087,3141.3038500629987,3481.991487453594,3280.5725854324087,3280.5725854324087,24.372997786581546,24.372997786581546,24.372997786581546,24.372997786581546,24.372997786581546,24.372997786581546,0.0,0.0,0.0,3304.94558321899
30,2021-05-06,3282.717477346283,3135.011514675413,3488.647039381617,3282.717477346283,3282.717477346283,23.731277693907572,23.731277693907572,23.731277693907572,23.731277693907572,23.731277693907572,23.731277693907572,0.0,0.0,0.0,3306.4487550401905
31,2021-05-07,3284.8623692601573,3119.6416850656738,3488.1027443553917,3284.8623692601573,3284.8623692601573,17.41736165266539,17.41736165266539,17.41736165266539,17.41736165266539,17.41736165266539,17.41736165266539,0.0,0.0,0.0,3302.2797309128227
32,2021-05-10,3291.29704500178,3139.10400089531,3487.2086006142254,3291.29704500178,3291.29704500178,15.79590441153782,15.79590441153782,15.79590441153782,15.79590441153782,15.79590441153782,15.79590441153782,0.0,0.0,0.0,3307.092949413318
33,2021-05-11,3293.4419369141547,3144.2603261651875,3492.774733093291,3293.4419369141547,3293.4419369141547,24.877911174313347,24.877911174313347,24.877911174313347,24.877911174313347,24.877911174313347,24.877911174313347,0.0,0.0,0.0,3318.319848088468
34,2021-05-12,3295.586828826529,3134.3825627469146,3490.8660909640753,3295.586828826529,3295.586828826529,24.37299778657815,24.37299778657815,24.37299778657815,24.37299778657815,24.37299778657815,24.37299778657815,0.0,0.0,0.0,3319.9598266131075
35,2021-05-13,3297.7317207389037,3142.433348728921,3508.833148766993,3297.7317207389037,3297.7317207389037,23.731277693921466,23.731277693921466,23.731277693921466,23.731277693921466,23.731277693921466,23.731277693921466,0.0,0.0,0.0,3321.4629984328253
36,2021-05-14,3299.876612651278,3142.6684231174586,3484.6495498489544,3299.876612651278,3299.876612651278,17.417361652655664,17.417361652655664,17.417361652655664,17.417361652655664,17.417361652655664,17.417361652655664,0.0,0.0,0.0,3317.2939743039333
37,2021-05-17,3306.3112883884014,3144.2549934456433,3487.084781188111,3306.3112883884014,3306.3112883884014,15.795904411545186,15.795904411545186,15.795904411545186,15.795904411545186,15.795904411545186,15.795904411545186,0.0,0.0,0.0,3322.1071927999465
38,2021-05-18,3308.456180300776,3163.6398298575705,3511.785919997138,3308.456180300776,3308.456180300776,24.877911174272636,24.877911174272636,24.877911174272636,24.877911174272636,24.877911174272636,24.877911174272636,0.0,0.0,0.0,3333.3340914750484
39,2021-05-19,3310.60107221315,3155.0568737209646,3511.6690722556455,3310.60107221315,3310.60107221315,24.37299778657843,24.37299778657843,24.37299778657843,24.37299778657843,24.37299778657843,24.37299778657843,0.0,0.0,0.0,3334.9740699997283
40,2021-05-20,3312.745964125525,3153.800248122304,3519.6767449280314,3312.745964125525,3312.745964125525,23.731277693935358,23.731277693935358,23.731277693935358,23.731277693935358,23.731277693935358,23.731277693935358,0.0,0.0,0.0,3336.4772418194602
41,2021-05-21,3314.8908561175426,3146.763815290465,3512.8471517097596,3314.8908561175426,3314.8908561175426,17.417361652823836,17.417361652823836,17.417361652823836,17.417361652823836,17.417361652823836,17.417361652823836,0.0,0.0,0.0,3332.3082177703664
42,2021-05-24,3321.3255320935955,3157.1358473432906,3517.4676322433675,3321.3255320935955,3321.3255320935955,15.795904411638139,15.795904411638139,15.795904411638139,15.795904411638139,15.795904411638139,15.795904411638139,0.0,0.0,0.0,3337.1214365052338
43,2021-05-25,3323.4704240856136,3181.731489831715,3523.521987302344,3323.4704240856136,3323.4704240856136,24.877911174283494,24.877911174283494,24.877911174283494,24.877911174283494,24.877911174283494,24.877911174283494,0.0,0.0,0.0,3348.348335259897
44,2021-05-26,3325.615316077631,3187.121174507326,3531.436623288321,3325.615316077631,3325.615316077631,24.372997786581784,24.372997786581784,24.372997786581784,24.372997786581784,24.372997786581784,24.372997786581784,0.0,0.0,0.0,3349.988313864213
45,2021-05-27,3327.760208069649,3169.9181881437157,3534.3420588012405,3327.760208069649,3327.760208069649,23.73127769394925,23.73127769394925,23.73127769394925,23.73127769394925,23.73127769394925,23.73127769394925,0.0,0.0,0.0,3351.491485763598
46,2021-05-28,3329.905100061667,3160.6452529208414,3535.0541811757566,3329.905100061667,3329.905100061667,17.417361652814105,17.417361652814105,17.417361652814105,17.417361652814105,17.417361652814105,17.417361652814105,0.0,0.0,0.0,3347.322461714481
47,2021-06-01,3338.4846680297373,3185.4359341537647,3538.1062464181337,3338.4846680297373,3338.4846680297373,24.87791117431846,24.87791117431846,24.87791117431846,24.87791117431846,24.87791117431846,24.87791117431846,0.0,0.0,0.0,3363.3625792040557
48,2021-06-02,3340.6295600217554,3189.5629345102716,3535.96713180523,3340.6295600217554,3340.6295600217554,24.37299778658206,24.37299778658206,24.37299778658206,24.37299778658206,24.37299778658206,24.37299778658206,0.0,0.0,0.0,3365.0025578083373
49,2021-06-03,3342.7744519972357,3192.9466763362448,3550.551594528554,3342.7744519972357,3342.7744519972357,23.731277693943966,23.731277693943966,23.731277693943966,23.731277693943966,23.731277693943966,23.731277693943966,0.0,0.0,0.0,3366.5057296911796
50,2021-06-04,3344.9193439727164,3187.59211235603,3535.328972026288,3344.9193439727164,3344.9193439727164,17.41736165272796,17.41736165272796,17.41736165272796,17.41736165272796,17.41736165272796,17.41736165272796,0.0,0.0,0.0,3362.336705625444
51,2021-06-07,3351.3540198991586,3187.305156373769,3533.207537631304,3351.3540198991586,3351.3540198991586,15.79590441169567,15.79590441169567,15.79590441169567,15.79590441169567,15.79590441169567,15.79590441169567,0.0,0.0,0.0,3367.149924310854
52,2021-06-08,3353.4989118746394,3211.589378640761,3569.253806831046,3353.4989118746394,3353.4989118746394,24.877911174303534,24.877911174303534,24.877911174303534,24.877911174303534,24.877911174303534,24.877911174303534,0.0,0.0,0.0,3378.3768230489427
53,2021-06-09,3355.64380385012,3200.841878184325,3556.7294341682054,3355.64380385012,3355.64380385012,24.372997786578665,24.372997786578665,24.372997786578665,24.372997786578665,24.372997786578665,24.372997786578665,0.0,0.0,0.0,3380.016801636699
54,2021-06-10,3357.7886958256004,3207.748397573029,3551.799498114465,3357.7886958256004,3357.7886958256004,23.731277693977024,23.731277693977024,23.731277693977024,23.731277693977024,23.731277693977024,23.731277693977024,0.0,0.0,0.0,3381.5199735195774
55,2021-06-11,3359.933587801081,3214.0366688757936,3563.7807502474407,3359.933587801081,3359.933587801081,17.41736165271823,17.41736165271823,17.41736165271823,17.41736165271823,17.41736165271823,17.41736165271823,0.0,0.0,0.0,3377.3509494537993
56,2021-06-14,3366.368263727523,3201.9083776625057,3555.4552251016735,3366.368263727523,3366.368263727523,15.795904411745832,15.795904411745832,15.795904411745832,15.795904411745832,15.795904411745832,15.795904411745832,0.0,0.0,0.0,3382.164168139269
57,2021-06-15,3368.5131557030036,3230.8841519513344,3566.9491282022677,3368.5131557030036,3368.5131557030036,24.877911174288606,24.877911174288606,24.877911174288606,24.877911174288606,24.877911174288606,24.877911174288606,0.0,0.0,0.0,3393.3910668772924
58,2021-06-16,3370.65804764171,3217.812254135051,3557.984946774672,3370.65804764171,3370.65804764171,24.372997786575276,24.372997786575276,24.372997786575276,24.372997786575276,24.372997786575276,24.372997786575276,0.0,0.0,0.0,3395.031045428285
59,2021-06-17,3372.8029395804156,3228.0713375547493,3575.56532099609,3372.8029395804156,3372.8029395804156,23.731277693919278,23.731277693919278,23.731277693919278,23.731277693919278,23.731277693919278,23.731277693919278,0.0,0.0,0.0,3396.534217274335
60,2021-06-18,3374.9478315191222,3221.2409217212416,3560.0453831557734,3374.9478315191222,3374.9478315191222,17.4173616528864,17.4173616528864,17.4173616528864,17.4173616528864,17.4173616528864,17.4173616528864,0.0,0.0,0.0,3392.3651931720087
61,2021-06-21,3381.3825073352414,3220.3356702500114,3572.9488296167115,3381.3825073352414,3381.3825073352414,15.795904411795991,15.795904411795991,15.795904411795991,15.795904411795991,15.795904411795991,15.795904411795991,0.0,0.0,0.0,3397.1784117470374
62,2021-06-22,3383.527399273947,3225.462719406918,3581.843730753033,3383.527399273947,3383.527399273947,24.87791117434935,24.87791117434935,24.87791117434935,24.87791117434935,24.87791117434935,24.87791117434935,0.0,0.0,0.0,3408.4053104482964
63,2021-06-23,3385.672291212654,3244.0287530548385,3583.943645116183,3385.672291212654,3385.672291212654,24.372997786579226,24.372997786579226,24.372997786579226,24.372997786579226,24.372997786579226,24.372997786579226,0.0,0.0,0.0,3410.045288999233
64,2021-06-24,3387.8171831513596,3233.505551885323,3587.33114623131,3387.8171831513596,3387.8171831513596,23.73127769393317,23.73127769393317,23.73127769393317,23.73127769393317,23.73127769393317,23.73127769393317,0.0,0.0,0.0,3411.5484608452925
65,2021-06-25,3389.962075090066,3232.665923455273,3586.824259297177,3389.962075090066,3389.962075090066,17.417361652838466,17.417361652838466,17.417361652838466,17.417361652838466,17.417361652838466,17.417361652838466,0.0,0.0,0.0,3407.379436742904
66,2021-06-28,3395.5318380607473,3230.077065384461,3586.9508775168956,3395.5318380607473,3395.5318380607473,15.795904411580752,15.795904411580752,15.795904411580752,15.795904411580752,15.795904411580752,15.795904411580752,0.0,0.0,0.0,3411.3277424723283
67,2021-06-29,3397.388425717641,3232.6042315103887,3590.703720589843,3397.388425717641,3397.388425717641,24.877911174308643,24.877911174308643,24.877911174308643,24.877911174308643,24.877911174308643,24.877911174308643,0.0,0.0,0.0,3422.26633689195
68,2021-06-30,3399.245013374535,3264.441121935453,3594.2544061783783,3399.245013374535,3399.245013374535,24.372997786575823,24.372997786575823,24.372997786575823,24.372997786575823,24.372997786575823,24.372997786575823,0.0,0.0,0.0,3423.618011161111
69,2021-07-01,3401.101601031429,3258.276998906725,3606.096385338541,3401.101601031429,3401.101601031429,23.73127769394706,23.73127769394706,23.73127769394706,23.73127769394706,23.73127769394706,23.73127769394706,0.0,0.0,0.0,3424.832878725376
70,2021-07-02,3402.9581886883225,3245.556858858722,3594.8347476699078,3402.9581886883225,3402.9581886883225,17.417361652790525,17.417361652790525,17.417361652790525,17.417361652790525,17.417361652790525,17.417361652790525,0.0,0.0,0.0,3420.375550341113
71,2021-07-06,3410.384539315898,3271.906910114351,3610.573342960633,3410.384539315898,3410.384539315898,24.877911174319497,24.877911174319497,24.877911174319497,24.877911174319497,24.877911174319497,24.877911174319497,0.0,0.0,0.0,3435.262450490218
72,2021-07-07,3412.241126972792,3278.2157872400917,3609.798016352581,3412.241126972792,3412.241126972792,24.372997786576107,24.372997786576107,24.372997786576107,24.372997786576107,24.372997786576107,24.372997786576107,0.0,0.0,0.0,3436.6141247593678
73,2021-07-08,3414.0977146296855,3250.9659254350913,3625.869507095146,3414.0977146296855,3414.0977146296855,23.73127769396095,23.73127769396095,23.73127769396095,23.73127769396095,23.73127769396095,23.73127769396095,0.0,0.0,0.0,3437.8289923236466
74,2021-07-09,3414.7822106897356,3257.204363040374,3612.749138957326,3414.7822106897356,3414.7822106897356,17.417361652780794,17.417361652780794,17.417361652780794,17.417361652780794,17.417361652780794,17.417361652780794,0.0,0.0,0.0,3432.1995723425166
75,2021-07-12,3416.835698869886,3235.475522733589,3601.0164775391595,3416.835698869886,3416.835698869886,15.795904411681073,15.795904411681073,15.795904411681073,15.795904411681073,15.795904411681073,15.795904411681073,0.0,0.0,0.0,3432.631603281567
76,2021-07-13,3417.5201949299358,3272.401504585097,3626.566917967896,3417.5201949299358,3417.5201949299358,24.87791117430456,24.87791117430456,24.87791117430456,24.87791117430456,24.87791117430456,24.87791117430456,0.0,0.0,0.0,3442.3981061042405
77,2021-07-14,3418.204690989986,3272.9873872010417,3622.647597611812,3418.204690989986,3418.204690989986,24.372997786579454,24.372997786579454,24.372997786579454,24.372997786579454,24.372997786579454,24.372997786579454,0.0,0.0,0.0,3442.5776887765655
78,2021-07-15,3418.8891870500356,3257.1092234707285,3624.815529314653,3418.8891870500356,3418.8891870500356,23.731277693903206,23.731277693903206,23.731277693903206,23.731277693903206,23.731277693903206,23.731277693903206,0.0,0.0,0.0,3442.620464743939
79,2021-07-16,3419.573683110086,3256.0304777700503,3627.1754138552787,3419.573683110086,3419.573683110086,17.417361652694648,17.417361652694648,17.417361652694648,17.417361652694648,17.417361652694648,17.417361652694648,0.0,0.0,0.0,3436.991044762781
80,2021-07-19,3421.627171290236,3251.7050297621186,3611.2523228980626,3421.627171290236,3421.627171290236,15.795904411508614,15.795904411508614,15.795904411508614,15.795904411508614,15.795904411508614,15.795904411508614,0.0,0.0,0.0,3437.423075701745
81,2021-07-20,3422.3116673502864,3281.9105021776422,3624.7010243226846,3422.3116673502864,3422.3116673502864,24.877911174315418,24.877911174315418,24.877911174315418,24.877911174315418,24.877911174315418,24.877911174315418,0.0,0.0,0.0,3447.189578524602
82,2021-07-21,3422.063408220837,3267.7337786234402,3625.978359163045,3422.063408220837,3422.063408220837,24.37299778657973,24.37299778657973,24.37299778657973,24.37299778657973,24.37299778657973,24.37299778657973,0.0,0.0,0.0,3446.4364060074167
83,2021-07-22,3421.815149091388,3263.7247333941395,3615.5366235721517,3421.815149091388,3421.815149091388,23.731277693897923,23.731277693897923,23.731277693897923,23.731277693897923,23.731277693897923,23.731277693897923,0.0,0.0,0.0,3445.546426785286
84,2021-07-23,3421.5668899619386,3257.751090290918,3605.6601663250744,3421.5668899619386,3421.5668899619386,17.417361652684928,17.417361652684928,17.417361652684928,17.417361652684928,17.417361652684928,17.417361652684928,0.0,0.0,0.0,3438.9842516146236
85,2021-07-26,3420.822112573591,3258.5284895090062,3621.236896134389,3420.822112573591,3420.822112573591,15.795904411515993,15.795904411515993,15.795904411515993,15.795904411515993,15.795904411515993,15.795904411515993,0.0,0.0,0.0,3436.618016985107
86,2021-07-27,3420.5738534441416,3268.4234280354503,3631.4175278410116,3420.5738534441416,3420.5738534441416,24.877911174274708,24.877911174274708,24.877911174274708,24.877911174274708,24.877911174274708,24.877911174274708,0.0,0.0,0.0,3445.4517646184163
87,2021-07-28,3420.3255943146924,3263.0366614369086,3624.577764094028,3420.3255943146924,3420.3255943146924,24.372997786576345,24.372997786576345,24.372997786576345,24.372997786576345,24.372997786576345,24.372997786576345,0.0,0.0,0.0,3444.698592101269
88,2021-07-29,3420.077335185243,3267.9859179867844,3622.0497364992134,3420.077335185243,3420.077335185243,23.73127769393098,23.73127769393098,23.73127769393098,23.73127769393098,23.73127769393098,23.73127769393098,0.0,0.0,0.0,3443.8086128791742
89,2021-07-30,3419.829076055794,3268.4649388020644,3607.6011910885004,3419.829076055794,3419.829076055794,17.417361652853096,17.417361652853096,17.417361652853096,17.417361652853096,17.417361652853096,17.417361652853096,0.0,0.0,0.0,3437.246437708647
90,2021-08-02,3419.0842990391843,3261.552178462204,3625.628824014443,3419.0842990391843,3419.0842990391843,15.795904411608944,15.795904411608944,15.795904411608944,15.795904411608944,15.795904411608944,15.795904411608944,0.0,0.0,0.0,3434.8802034507935
91,2021-08-03,3418.836040033648,3267.940129708331,3617.786997954079,3418.836040033648,3418.836040033648,24.877911174285558,24.877911174285558,24.877911174285558,24.877911174285558,24.877911174285558,24.877911174285558,0.0,0.0,0.0,3443.7139512079334
92,2021-08-04,3418.5877810281113,3260.7481999151437,3607.426033926758,3418.5877810281113,3418.5877810281113,24.372997786580292,24.372997786580292,24.372997786580292,24.372997786580292,24.372997786580292,24.372997786580292,0.0,0.0,0.0,3442.9607788146914
93,2021-08-05,3418.339522022575,3267.7825818025913,3622.123587674684,3418.339522022575,3418.339522022575,23.731277693925705,23.731277693925705,23.731277693925705,23.731277693925705,23.731277693925705,23.731277693925705,0.0,0.0,0.0,3442.0707997165005
94,2021-08-06,3418.0912630170383,3240.8469162503775,3606.5358039684415,3418.0912630170383,3418.0912630170383,17.417361652805155,17.417361652805155,17.417361652805155,17.417361652805155,17.417361652805155,17.417361652805155,0.0,0.0,0.0,3435.5086246698434
95,2021-08-09,3417.3464860004287,3261.40978193585,3608.7377990229375,3417.3464860004287,3417.3464860004287,15.795904411616311,15.795904411616311,15.795904411616311,15.795904411616311,15.795904411616311,15.795904411616311,0.0,0.0,0.0,3433.142390412045
96,2021-08-10,3417.0982269948927,3249.6337564821633,3614.751074182472,3417.0982269948927,3417.0982269948927,24.877911174320523,24.877911174320523,24.877911174320523,24.877911174320523,24.877911174320523,24.877911174320523,0.0,0.0,0.0,3441.9761381692133
97,2021-08-11,3416.849967989356,3267.5413635368036,3620.7426630842633,3416.849967989356,3416.849967989356,24.3729977865769,24.3729977865769,24.3729977865769,24.3729977865769,24.3729977865769,24.3729977865769,0.0,0.0,0.0,3441.222965775933
98,2021-08-12,3416.6017090817554,3267.4342589600333,3620.759797072225,3416.6017090817554,3416.6017090817554,23.731277693939596,23.731277693939596,23.731277693939596,23.731277693939596,23.731277693939596,23.731277693939596,0.0,0.0,0.0,3440.332986775695
99,2021-08-13,3416.353450174155,3256.9890132493324,3621.9434584943306,3416.353450174155,3416.353450174155,17.41736165275722,17.41736165275722,17.41736165275722,17.41736165275722,17.41736165275722,17.41736165275722,0.0,0.0,0.0,3433.7708118269124
100,2021-08-16,3415.6086734513533,3257.4200201938193,3602.763328835322,3415.6086734513533,3415.6086734513533,15.795904411623694,15.795904411623694,15.795904411623694,15.795904411623694,15.795904411623694,15.795904411623694,0.0,0.0,0.0,3431.404577862977
101,2021-08-17,3415.3604145437525,3273.8262827090093,3624.180165721117,3415.3604145437525,3415.3604145437525,24.877911174305606,24.877911174305606,24.877911174305606,24.877911174305606,24.877911174305606,24.877911174305606,0.0,0.0,0.0,3440.238325718058
102,2021-08-18,3415.112155636152,3261.030742681011,3615.3625638617,3415.112155636152,3415.112155636152,24.37299778658025,24.37299778658025,24.37299778658025,24.37299778658025,24.37299778658025,24.37299778658025,0.0,0.0,0.0,3439.485153422732
103,2021-08-19,3414.863896728551,3259.0489292668035,3634.8254305719825,3414.863896728551,3414.863896728551,23.73127769395349,23.73127769395349,23.73127769395349,23.73127769395349,23.73127769395349,23.73127769395349,0.0,0.0,0.0,3438.5951744225044
104,2021-08-20,3414.6156378209503,3258.608515227074,3604.190419415523,3414.6156378209503,3414.6156378209503,17.41736165274749,17.41736165274749,17.41736165274749,17.41736165274749,17.41736165274749,17.41736165274749,0.0,0.0,0.0,3432.0329994736976
105,2021-08-23,3413.8708610981485,3238.7252958464983,3613.072260827893,3413.8708610981485,3413.8708610981485,15.795904411716641,15.795904411716641,15.795904411716641,15.795904411716641,15.795904411716641,15.795904411716641,0.0,0.0,0.0,3429.666765509865
106,2021-08-24,3413.6278574010807,3259.210560198738,3616.112775041213,3413.6278574010807,3413.6278574010807,24.87791117429067,24.87791117429067,24.87791117429067,24.87791117429067,24.87791117429067,24.87791117429067,0.0,0.0,0.0,3438.5057685753713
107,2021-08-25,3413.384853704013,3262.4022684012566,3608.592428126104,3413.384853704013,3413.384853704013,24.372997786576857,24.372997786576857,24.372997786576857,24.372997786576857,24.372997786576857,24.372997786576857,0.0,0.0,0.0,3437.75785149059
108,2021-08-26,3413.141850006946,3254.63827434358,3613.879362096316,3413.141850006946,3413.141850006946,23.73127769391491,23.73127769391491,23.73127769391491,23.73127769391491,23.73127769391491,23.73127769391491,0.0,0.0,0.0,3436.8731277008606
109,2021-08-27,3412.898846309878,3258.136155918162,3617.988774441158,3412.898846309878,3412.898846309878,17.41736165273776,17.41736165273776,17.41736165273776,17.41736165273776,17.41736165273776,17.41736165273776,0.0,0.0,0.0,3430.316207962616
110,2021-08-30,3412.1698352186745,3257.967587613834,3605.573907409105,3412.1698352186745,3412.1698352186745,15.795904411724008,15.795904411724008,15.795904411724008,15.795904411724008,15.795904411724008,15.795904411724008,0.0,0.0,0.0,3427.9657396303987
111,2021-08-31,3411.926831521607,3257.122888152417,3621.0775213866445,3411.926831521607,3411.926831521607,24.877911174301527,24.877911174301527,24.877911174301527,24.877911174301527,24.877911174301527,24.877911174301527,0.0,0.0,0.0,3436.8047426959083
112,2021-09-01,3411.6838278245395,3243.3860854835375,3609.5302378995902,3411.6838278245395,3411.6838278245395,24.3729977865808,24.3729977865808,24.3729977865808,24.3729977865808,24.3729977865808,24.3729977865808,0.0,0.0,0.0,3436.0568256111205
113,2021-09-02,3411.440824127472,3257.6248389692073,3608.520665638387,3411.440824127472,3411.440824127472,23.73127769390963,23.73127769390963,23.73127769390963,23.73127769390963,23.73127769390963,23.73127769390963,0.0,0.0,0.0,3435.1721018213816
114,2021-09-03,3411.1978204994207,3250.0148057869023,3607.81366836319,3411.1978204994207,3411.1978204994207,17.41736165265161,17.41736165265161,17.41736165265161,17.41736165265161,17.41736165265161,17.41736165265161,0.0,0.0,0.0,3428.6151821520725
115,2021-09-07,3410.225805987215,3267.8621101400227,3607.7435717472686,3410.225805987215,3410.225805987215,24.87791117426081,24.87791117426081,24.87791117426081,24.87791117426081,24.87791117426081,24.87791117426081,0.0,0.0,0.0,3435.1037171614757
116,2021-09-08,3409.982802359164,3243.201702293275,3622.649754911605,3409.982802359164,3409.982802359164,24.372997786577415,24.372997786577415,24.372997786577415,24.372997786577415,24.372997786577415,24.372997786577415,0.0,0.0,0.0,3434.3558001457413
117,2021-09-09,3409.7397987311124,3251.178204557158,3610.600679302266,3409.7397987311124,3409.7397987311124,23.731277693942687,23.731277693942687,23.731277693942687,23.731277693942687,23.731277693942687,23.731277693942687,0.0,0.0,0.0,3433.471076425055
118,2021-09-10,3409.496795103061,3242.249410047492,3606.593817050037,3409.496795103061,3409.496795103061,17.41736165264189,17.41736165264189,17.41736165264189,17.41736165264189,17.41736165264189,17.41736165264189,0.0,0.0,0.0,3426.9141567557026
119,2021-09-13,3408.767784218907,3249.837963683224,3613.8177743001656,3408.767784218907,3408.767784218907,15.79590441155893,15.79590441155893,15.79590441155893,15.79590441155893,15.79590441155893,15.79590441155893,0.0,0.0,0.0,3424.563688630466
120,2021-09-14,3408.5247805908557,3260.880846989394,3624.9211758691968,3408.5247805908557,3408.5247805908557,24.87791117432156,24.87791117432156,24.87791117432156,24.87791117432156,24.87791117432156,24.87791117432156,0.0,0.0,0.0,3433.402691765177
121,2021-09-15,3408.281776962804,3263.82236075913,3617.299526184637,3408.281776962804,3408.281776962804,24.372997786577685,24.372997786577685,24.372997786577685,24.372997786577685,24.372997786577685,24.372997786577685,0.0,0.0,0.0,3432.654774749382
122,2021-09-16,3408.0430745477365,3257.9742802726646,3604.6948277444885,3408.0430745477365,3408.0430745477365,23.73127769393741,23.73127769393741,23.73127769393741,23.73127769393741,23.73127769393741,23.73127769393741,0.0,0.0,0.0,3431.774352241674
123,2021-09-17,3407.804372132669,3249.5106600074223,3593.4782158297053,3407.804372132669,3407.804372132669,17.417361652810058,17.417361652810058,17.417361652810058,17.417361652810058,17.417361652810058,17.417361652810058,0.0,0.0,0.0,3425.221733785479
124,2021-09-20,3407.0882648874663,3236.845091258817,3608.2081866865697,3407.0882648874663,3407.0882648874663,15.795904411651877,15.795904411651877,15.795904411651877,15.795904411651877,15.795904411651877,15.795904411651877,0.0,0.0,0.0,3422.884169299118
125,2021-09-21,3406.8495624723987,3261.320387005086,3617.8240898235913,3406.8495624723987,3406.8495624723987,24.877911174332414,24.877911174332414,24.877911174332414,24.877911174332414,24.877911174332414,24.877911174332414,0.0,0.0,0.0,3431.727473646731
126,2021-09-22,3406.610860057331,3262.9131302367227,3612.2583563623994,3406.610860057331,3406.610860057331,24.37299778658104,24.37299778658104,24.37299778658104,24.37299778658104,24.37299778658104,24.37299778658104,0.0,0.0,0.0,3430.983857843912
127,2021-09-23,3406.3721576422636,3252.0791151469175,3618.322179740331,3406.3721576422636,3406.3721576422636,23.731277693951302,23.731277693951302,23.731277693951302,23.731277693951302,23.731277693951302,23.731277693951302,0.0,0.0,0.0,3430.1034353362147
128,2021-09-24,3406.1334552271956,3238.2746427634606,3585.6788038012023,3406.1334552271956,3406.1334552271956,17.41736165276212,17.41736165276212,17.41736165276212,17.41736165276212,17.41736165276212,17.41736165276212,0.0,0.0,0.0,3423.550816879958
129,2021-09-27,3405.417347981993,3242.0857378448154,3593.3226720537727,3405.417347981993,3405.417347981993,15.795904411659253,15.795904411659253,15.795904411659253,15.795904411659253,15.795904411659253,15.795904411659253,0.0,0.0,0.0,3421.213252393652
130,2021-09-28,3405.187809129843,3270.6015811108186,3621.195704920622,3405.187809129843,3405.187809129843,24.877911174317482,24.877911174317482,24.877911174317482,24.877911174317482,24.877911174317482,24.877911174317482,0.0,0.0,0.0,3430.0657203041605
131,2021-09-29,3404.958270277694,3254.274603673306,3608.627963793579,3404.958270277694,3404.958270277694,24.372997786581315,24.372997786581315,24.372997786581315,24.372997786581315,24.372997786581315,24.372997786581315,0.0,0.0,0.0,3429.3312680642753
132,2021-09-30,3404.728731425544,3263.09354765272,3596.436991307257,3404.728731425544,3404.728731425544,23.731277693946023,23.731277693946023,23.731277693946023,23.731277693946023,23.731277693946023,23.731277693946023,0.0,0.0,0.0,3428.46000911949
133,2021-10-01,3404.4991925733943,3246.073049906525,3616.3677436587236,3404.4991925733943,3404.4991925733943,17.417361652714177,17.417361652714177,17.417361652714177,17.417361652714177,17.417361652714177,17.417361652714177,0.0,0.0,0.0,3421.9165542261085
134,2021-10-04,3403.8105760169456,3233.066582123135,3589.9582337051775,3403.8105760169456,3403.8105760169456,15.795904411709415,15.795904411709415,15.795904411709415,15.795904411709415,15.795904411709415,15.795904411709415,0.0,0.0,0.0,3419.606480428655
135,2021-10-05,3403.581037164796,3244.741373243763,3612.8861509978897,3403.581037164796,3403.581037164796,24.877911174302554,24.877911174302554,24.877911174302554,24.877911174302554,24.877911174302554,24.877911174302554,0.0,0.0,0.0,3428.4589483390982
136,2021-10-06,3403.3514983126465,3251.381948970538,3606.268114671859,3403.3514983126465,3403.3514983126465,24.372997786577923,24.372997786577923,24.372997786577923,24.372997786577923,24.372997786577923,24.372997786577923,0.0,0.0,0.0,3427.7244960992243
137,2021-10-07,3403.121959460497,3254.2768624736914,3614.13919221743,3403.121959460497,3403.121959460497,23.73127769397908,23.73127769397908,23.73127769397908,23.73127769397908,23.73127769397908,23.73127769397908,0.0,0.0,0.0,3426.8532371544757
138,2021-10-08,3402.907866411551,3242.9841158956015,3598.5324174617663,3402.907866411551,3402.907866411551,17.41736165292056,17.41736165292056,17.41736165292056,17.41736165292056,17.41736165292056,17.41736165292056,0.0,0.0,0.0,3420.3252280644715
139,2021-10-11,3402.265587264713,3232.9431487205507,3597.1987553564263,3402.265587264713,3402.265587264713,15.79590441153696,15.79590441153696,15.79590441153696,15.79590441153696,15.79590441153696,15.79590441153696,0.0,0.0,0.0,3418.0614916762497
140,2021-10-12,3402.051494215767,3248.920437933012,3607.0070239797224,3402.051494215767,3402.051494215767,24.87791117428762,24.87791117428762,24.87791117428762,24.87791117428762,24.87791117428762,24.87791117428762,0.0,0.0,0.0,3426.9294053900544
141,2021-10-13,3401.8374011668207,3255.8628995278577,3614.3989286118554,3401.8374011668207,3401.8374011668207,24.37299778658187,24.37299778658187,24.37299778658187,24.37299778658187,24.37299778658187,24.37299778658187,0.0,0.0,0.0,3426.2103989534025
142,2021-10-14,3401.623308117875,3238.2399728683367,3606.0056912661516,3401.623308117875,3401.623308117875,23.731277693921335,23.731277693921335,23.731277693921335,23.731277693921335,23.731277693921335,23.731277693921335,0.0,0.0,0.0,3425.354585811796
143,2021-10-15,3401.409215068929,3238.6237330577924,3579.211677816563,3401.409215068929,3401.409215068929,17.417361652834416,17.417361652834416,17.417361652834416,17.417361652834416,17.417361652834416,17.417361652834416,0.0,0.0,0.0,3418.8265767217636
144,2021-10-18,3400.766935922091,3232.2973167956266,3600.3680266773617,3400.766935922091,3400.766935922091,15.795904411587118,15.795904411587118,15.795904411587118,15.795904411587118,15.795904411587118,15.795904411587118,0.0,0.0,0.0,3416.562840333678
145,2021-10-19,3400.552842873145,3247.219266087588,3602.2226913988943,3400.552842873145,3400.552842873145,24.87791117434837,24.87791117434837,24.87791117434837,24.87791117434837,24.87791117434837,24.87791117434837,0.0,0.0,0.0,3425.4307540474933
146,2021-10-20,3400.338749783255,3257.614964144552,3592.310790555234,3400.338749783255,3400.338749783255,24.37299778657848,24.37299778657848,24.37299778657848,24.37299778657848,24.37299778657848,24.37299778657848,0.0,0.0,0.0,3424.7117475698333
147,2021-10-21,3400.124656693365,3251.5136774875186,3595.0379717138558,3400.124656693365,3400.124656693365,23.731277693935226,23.731277693935226,23.731277693935226,23.731277693935226,23.731277693935226,23.731277693935226,0.0,0.0,0.0,3423.8559343873003
148,2021-10-22,3399.910563603475,3231.684289574172,3593.067239318,3399.910563603475,3399.910563603475,17.417361652824685,17.417361652824685,17.417361652824685,17.417361652824685,17.417361652824685,17.417361652824685,0.0,0.0,0.0,3417.3279252562997
149,2021-10-25,3399.2682843338052,3234.9877389595767,3591.2051566900814,3399.2682843338052,3399.2682843338052,15.795904411594497,15.795904411594497,15.795904411594497,15.795904411594497,15.795904411594497,15.795904411594497,0.0,0.0,0.0,3415.0641887454
150,2021-10-26,3399.0541912439153,3234.870234466173,3608.7525655887025,3399.0541912439153,3399.0541912439153,24.87791117430767,24.87791117430767,24.87791117430767,24.87791117430767,24.87791117430767,24.87791117430767,0.0,0.0,0.0,3423.932102418223
151,2021-10-27,3398.8400981540253,3247.2377879186038,3602.9976162340745,3398.8400981540253,3398.8400981540253,24.372997786575084,24.372997786575084,24.372997786575084,24.372997786575084,24.372997786575084,24.372997786575084,0.0,0.0,0.0,3423.2130959406004
152,2021-10-28,3398.6260050641354,3249.2559727112925,3591.654179197775,3398.6260050641354,3398.6260050641354,23.731277693949117,23.731277693949117,23.731277693949117,23.731277693949117,23.731277693949117,23.731277693949117,0.0,0.0,0.0,3422.3572827580847
153,2021-10-29,3398.4119119742454,3231.669745081619,3587.3011284608956,3398.4119119742454,3398.4119119742454,17.417361652776748,17.417361652776748,17.417361652776748,17.417361652776748,17.417361652776748,17.417361652776748,0.0,0.0,0.0,3415.8292736270223
154,2021-11-01,3397.7696327045755,3240.321886072299,3582.5027279985275,3397.7696327045755,3397.7696327045755,15.795904411687436,15.795904411687436,15.795904411687436,15.795904411687436,15.795904411687436,15.795904411687436,0.0,0.0,0.0,3413.565537116263
155,2021-11-02,3397.555539349106,3236.382075188865,3590.09833428481,3397.555539349106,3397.555539349106,24.877911174318516,24.877911174318516,24.877911174318516,24.877911174318516,24.877911174318516,24.877911174318516,0.0,0.0,0.0,3422.433450523424
156,2021-11-03,3397.3414459936357,3240.0370726917286,3604.338795437938,3397.3414459936357,3397.3414459936357,24.37299778657536,24.37299778657536,24.37299778657536,24.37299778657536,24.37299778657536,24.37299778657536,0.0,0.0,0.0,3421.7144437802112
157,2021-11-04,3397.1273526381656,3242.124232695765,3592.7766005185895,3397.1273526381656,3397.1273526381656,23.73127769391054,23.73127769391054,23.73127769391054,23.73127769391054,23.73127769391054,23.73127769391054,0.0,0.0,0.0,3420.8586303320762
158,2021-11-05,3396.9132592826954,3240.3809587439882,3582.4864513682955,3396.9132592826954,3396.9132592826954,17.417361652767024,17.417361652767024,17.417361652767024,17.417361652767024,17.417361652767024,17.417361652767024,0.0,0.0,0.0,3414.3306209354623
159,2021-11-08,3396.270979216285,3236.4227287427975,3579.8808794534157,3396.270979216285,3396.270979216285,15.795904411694819,15.795904411694819,15.795904411694819,15.795904411694819,15.795904411694819,15.795904411694819,0.0,0.0,0.0,3412.0668836279797
160,2021-11-09,3396.056885860815,3236.7899295253847,3611.8132836319114,3396.056885860815,3396.056885860815,24.877911174303584,24.877911174303584,24.877911174303584,24.877911174303584,24.877911174303584,24.877911174303584,0.0,0.0,0.0,3420.9347970351187
161,2021-11-10,3395.8427925053447,3246.100615713864,3586.7048487153106,3395.8427925053447,3395.8427925053447,24.37299778657871,24.37299778657871,24.37299778657871,24.37299778657871,24.37299778657871,24.37299778657871,0.0,0.0,0.0,3420.2157902919234
162,2021-11-11,3395.628699149875,3232.144500530108,3600.472451254459,3395.628699149875,3395.628699149875,23.731277693905266,23.731277693905266,23.731277693905266,23.731277693905266,23.731277693905266,23.731277693905266,0.0,0.0,0.0,3419.3599768437803
163,2021-11-12,3394.741799089557,3221.918115848765,3581.7884025619783,3394.741799089557,3394.741799089557,17.417361652680878,17.417361652680878,17.417361652680878,17.417361652680878,17.417361652680878,17.417361652680878,0.0,0.0,0.0,3412.159160742238
164,2021-11-15,3392.081098908604,3229.724982444408,3575.397039509455,3392.081098908604,3392.081098908604,15.795904411522363,15.795904411522363,15.795904411522363,15.795904411522363,15.795904411522363,15.795904411522363,0.0,0.0,0.0,3407.8770033201263
165,2021-11-16,3391.1941988482868,3239.170538471275,3593.912661003076,3391.1941988482868,3391.1941988482868,24.877911174288663,24.877911174288663,24.877911174288663,24.877911174288663,24.877911174288663,24.877911174288663,0.0,0.0,0.0,3416.0721100225755
166,2021-11-17,3390.307298787969,3235.465090041193,3592.175386114613,3390.307298787969,3390.307298787969,24.37299778657899,24.37299778657899,24.37299778657899,24.37299778657899,24.37299778657899,24.37299778657899,0.0,0.0,0.0,3414.6802965745483
167,2021-11-18,3389.420398727651,3221.9528687752004,3589.630889048145,3389.420398727651,3389.420398727651,23.73127769393832,23.73127769393832,23.73127769393832,23.73127769393832,23.73127769393832,23.73127769393832,0.0,0.0,0.0,3413.1516764215894
168,2021-11-19,3388.5334986673333,3235.816627843492,3575.3175337516686,3388.5334986673333,3388.5334986673333,17.417361652671143,17.417361652671143,17.417361652671143,17.417361652671143,17.417361652671143,17.417361652671143,0.0,0.0,0.0,3405.9508603200043
169,2021-11-22,3385.8727984863804,3213.6384883271294,3578.249590427653,3385.8727984863804,3385.8727984863804,15.795904411529735,15.795904411529735,15.795904411529735,15.795904411529735,15.795904411529735,15.795904411529735,0.0,0.0,0.0,3401.66870289791
170,2021-11-23,3384.985898426063,3234.528277761583,3586.5747089498414,3384.985898426063,3384.985898426063,24.87791117427373,24.87791117427373,24.87791117427373,24.87791117427373,24.87791117427373,24.87791117427373,0.0,0.0,0.0,3409.863809600337
171,2021-11-24,3382.767541708133,3223.849612823496,3588.765173052368,3382.767541708133,3382.767541708133,24.372997786575603,24.372997786575603,24.372997786575603,24.372997786575603,24.372997786575603,24.372997786575603,0.0,0.0,0.0,3407.1405394947087
172,2021-11-26,3378.330828272273,3229.9066404126806,3576.5908427799236,3378.330828272273,3378.330828272273,17.417361652839322,17.417361652839322,17.417361652839322,17.417361652839322,17.417361652839322,17.417361652839322,0.0,0.0,0.0,3395.748189925112
173,2021-11-29,3371.675758118482,3221.204491006734,3567.1807204460324,3371.675758118482,3371.675758118482,15.795904411622685,15.795904411622685,15.795904411622685,15.795904411622685,15.795904411622685,15.795904411622685,0.0,0.0,0.0,3387.471662530105
174,2021-11-30,3369.4574014005516,3205.877661731221,3564.200578527597,3369.4574014005516,3369.4574014005516,24.877911174284588,24.877911174284588,24.877911174284588,24.877911174284588,24.877911174284588,24.877911174284588,0.0,0.0,0.0,3394.3353125748363
175,2021-12-01,3367.2390446826216,3217.6457054053094,3558.9641959154897,3367.2390446826216,3367.2390446826216,24.372997786582623,24.372997786582623,24.372997786582623,24.372997786582623,24.372997786582623,24.372997786582623,0.0,0.0,0.0,3391.6120424692044
176,2021-12-02,3365.020687964691,3207.9402207489425,3560.9684370779637,3365.020687964691,3365.020687964691,23.731277693927765,23.731277693927765,23.731277693927765,23.731277693927765,23.731277693927765,23.731277693927765,0.0,0.0,0.0,3388.751965658619
177,2021-12-03,3362.8023312467612,3200.7006184421984,3559.816266866398,3362.8023312467612,3362.8023312467612,17.417361652791378,17.417361652791378,17.417361652791378,17.417361652791378,17.417361652791378,17.417361652791378,0.0,0.0,0.0,3380.2196928995527
178,2021-12-06,3356.1472610929704,3197.068583632385,3550.0277122591715,3356.1472610929704,3356.1472610929704,15.795904411630067,15.795904411630067,15.795904411630067,15.795904411630067,15.795904411630067,15.795904411630067,0.0,0.0,0.0,3371.9431655046005
179,2021-12-07,3352.7297969554825,3196.724379273774,3561.964934907307,3352.7297969554825,3352.7297969554825,24.87791117429378,24.87791117429378,24.87791117429378,24.87791117429378,24.87791117429378,24.87791117429378,0.0,0.0,0.0,3377.6077081297763
180,2021-12-08,3349.312332817994,3192.6319048729956,3558.7616995719304,3349.312332817994,3349.312332817994,24.372997786579226,24.372997786579226,24.372997786579226,24.372997786579226,24.372997786579226,24.372997786579226,0.0,0.0,0.0,3373.685330604573
181,2021-12-09,3345.8948686805056,3192.9920264065886,3537.709722592863,3345.8948686805056,3345.8948686805056,23.731277693941657,23.731277693941657,23.731277693941657,23.731277693941657,23.731277693941657,23.731277693941657,0.0,0.0,0.0,3369.626146374447
182,2021-12-10,3342.477404543017,3188.6438526657207,3530.6383441220255,3342.477404543017,3342.477404543017,17.417361652743445,17.417361652743445,17.417361652743445,17.417361652743445,17.417361652743445,17.417361652743445,0.0,0.0,0.0,3359.8947661957604
183,2021-12-13,3332.2250121305524,3170.3737497396132,3519.123335435818,3332.2250121305524,3332.2250121305524,15.795904411637432,15.795904411637432,15.795904411637432,15.795904411637432,15.795904411637432,15.795904411637432,0.0,0.0,0.0,3348.0209165421898
184,2021-12-14,3328.807547993064,3174.889028619533,3530.932646111075,3328.807547993064,3328.807547993064,24.87791117430463,24.87791117430463,24.87791117430463,24.87791117430463,24.87791117430463,24.87791117430463,0.0,0.0,0.0,3353.6854591673687
185,2021-12-15,3325.3900838555755,3175.1583483455292,3530.526004768614,3325.3900838555755,3325.3900838555755,24.372997786579504,24.372997786579504,24.372997786579504,24.372997786579504,24.372997786579504,24.372997786579504,0.0,0.0,0.0,3349.763081642155
186,2021-12-16,3321.9726197180876,3146.6631810287226,3522.693082741728,3321.9726197180876,3321.9726197180876,23.731277693955548,23.731277693955548,23.731277693955548,23.731277693955548,23.731277693955548,23.731277693955548,0.0,0.0,0.0,3345.7038974120433
187,2021-12-17,3317.8436961914085,3166.4151723107466,3514.3336864543935,3317.8436961914085,3317.8436961914085,17.41736165273371,17.41736165273371,17.41736165273371,17.41736165273371,17.41736165273371,17.41736165273371,0.0,0.0,0.0,3335.261057844142
188,2021-12-20,3305.456925611372,3148.3615201182483,3497.7247758409208,3305.456925611372,3305.456925611372,15.795904411730385,15.795904411730385,15.795904411730385,15.795904411730385,15.795904411730385,15.795904411730385,0.0,0.0,0.0,3321.2528300231024
189,2021-12-21,3301.3280020846923,3155.4064234644716,3506.8999965818707,3301.3280020846923,3301.3280020846923,24.8779111742897,24.8779111742897,24.8779111742897,24.8779111742897,24.8779111742897,24.8779111742897,0.0,0.0,0.0,3326.205913258982
190,2021-12-22,3297.1990785580138,3152.6952627974592,3501.2359133077807,3297.1990785580138,3297.1990785580138,24.372997786579784,24.372997786579784,24.372997786579784,24.372997786579784,24.372997786579784,24.372997786579784,0.0,0.0,0.0,3321.5720763445934
191,2021-12-23,3293.0701550313343,3132.2718342216003,3493.5904080670625,3293.0701550313343,3293.0701550313343,23.73127769391697,23.73127769391697,23.73127769391697,23.73127769391697,23.73127769391697,23.73127769391697,0.0,0.0,0.0,3316.8014327252513
192,2021-12-27,3276.5544609246185,3100.1345374077396,3459.371284410449,3276.5544609246185,3276.5544609246185,15.795904411737753,15.795904411737753,15.795904411737753,15.795904411737753,15.795904411737753,15.795904411737753,0.0,0.0,0.0,3292.3503653363564
193,2021-12-28,3272.4255373979395,3112.024728252534,3470.1965437096683,3272.4255373979395,3272.4255373979395,24.87791117435044,24.87791117435044,24.87791117435044,24.87791117435044,24.87791117435044,24.87791117435044,0.0,0.0,0.0,3297.30344857229
194,2021-12-29,3268.296613871261,3112.3663970686634,3487.009613261748,3268.296613871261,3268.296613871261,24.372997786580058,24.372997786580058,24.372997786580058,24.372997786580058,24.372997786580058,24.372997786580058,0.0,0.0,0.0,3292.669611657841
195,2021-12-30,3264.16769038127,3099.5826878382977,3464.2688255623284,3264.16769038127,3264.16769038127,23.731277693911686,23.731277693911686,23.731277693911686,23.731277693911686,23.731277693911686,23.731277693911686,0.0,0.0,0.0,3287.8989680751815
196,2021-12-31,3260.038766891279,3097.496590105833,3456.048912235808,3260.038766891279,3260.038766891279,17.41736165263784,17.41736165263784,17.41736165263784,17.41736165263784,17.41736165263784,17.41736165263784,0.0,0.0,0.0,3277.4561285439167
197,2022-01-03,3247.651996421307,3075.5236048288007,3443.5978441915104,3247.651996421307,3247.651996421307,15.795904411565305,15.795904411565305,15.795904411565305,15.795904411565305,15.795904411565305,15.795904411565305,0.0,0.0,0.0,3263.4479008328726
198,2022-01-04,3243.523072931316,3078.6293284448066,3460.3925393495547,3243.523072931316,3243.523072931316,24.877911174309734,24.877911174309734,24.877911174309734,24.877911174309734,24.877911174309734,24.877911174309734,0.0,0.0,0.0,3268.400984105626
199,2022-01-05,3239.394149441325,3081.208280326027,3456.6177716777224,3239.394149441325,3239.394149441325,24.372997786576665,24.372997786576665,24.372997786576665,24.372997786576665,24.372997786576665,24.372997786576665,0.0,0.0,0.0,3263.767147227902
200,2022-01-06,3235.2652259513347,3077.6394590760974,3433.079560618479,3235.2652259513347,3235.2652259513347,23.731277693944747,23.731277693944747,23.731277693944747,23.731277693944747,23.731277693944747,23.731277693944747,0.0,0.0,0.0,3258.9965036452795
201,2022-01-07,3231.1363024613443,3072.890615649558,3428.5785516349283,3231.1363024613443,3231.1363024613443,17.41736165262811,17.41736165262811,17.41736165262811,17.41736165262811,17.41736165262811,17.41736165262811,0.0,0.0,0.0,3248.5536641139724
202,2022-01-10,3218.749531991372,3060.4533016137802,3416.141180358468,3218.749531991372,3218.749531991372,15.79590441161546,15.79590441161546,15.79590441161546,15.79590441161546,15.79590441161546,15.79590441161546,0.0,0.0,0.0,3234.5454364029874
203,2022-01-11,3214.620608431198,3067.2462166659275,3404.3558132205167,3214.620608431198,3214.620608431198,24.877911174320584,24.877911174320584,24.877911174320584,24.877911174320584,24.877911174320584,24.877911174320584,0.0,0.0,0.0,3239.4985196055186
204,2022-01-12,3210.491684871025,3055.0303640635148,3416.3579693376887,3210.491684871025,3210.491684871025,24.372997786576946,24.372997786576946,24.372997786576946,24.372997786576946,24.372997786576946,24.372997786576946,0.0,0.0,0.0,3234.864682657602
205,2022-01-13,3206.362761310852,3057.1593714560727,3403.098878665629,3206.362761310852,3206.362761310852,23.731277693939468,23.731277693939468,23.731277693939468,23.731277693939468,23.731277693939468,23.731277693939468,0.0,0.0,0.0,3230.0940390047913
206,2022-01-14,3202.2338377506776,3039.084206537681,3388.1123481295876,3202.2338377506776,3202.2338377506776,17.417361652796284,17.417361652796284,17.417361652796284,17.417361652796284,17.417361652796284,17.417361652796284,0.0,0.0,0.0,3219.651199403474
207,2022-01-18,3185.718143509984,3034.7632907098505,3400.5197690257783,3185.718143509984,3185.718143509984,24.87791117433143,24.87791117433143,24.87791117433143,24.87791117433143,24.87791117433143,24.87791117433143,0.0,0.0,0.0,3210.5960546843157
208,2022-01-19,3181.589219949811,3024.059318812225,3388.265315464896,3181.589219949811,3181.589219949811,24.372997786580296,24.372997786580296,24.372997786580296,24.372997786580296,24.372997786580296,24.372997786580296,0.0,0.0,0.0,3205.9622177363913
209,2022-01-20,3177.4602963896373,3028.730455807568,3375.296470171008,3177.4602963896373,3177.4602963896373,23.73127769395336,23.73127769395336,23.73127769395336,23.73127769395336,23.73127769395336,23.73127769395336,0.0,0.0,0.0,3201.1915740835907
210,2022-01-21,3173.331372829464,3015.8036835753655,3359.5673267659904,3173.331372829464,3173.331372829464,17.41736165274835,17.41736165274835,17.41736165274835,17.41736165274835,17.41736165274835,17.41736165274835,0.0,0.0,0.0,3190.748734482212
211,2022-01-24,3160.9446021489434,3008.6243606687594,3345.5481095457617,3160.9446021489434,3160.9446021489434,15.79590441145038,15.79590441145038,15.79590441145038,15.79590441145038,15.79590441145038,15.79590441145038,0.0,0.0,0.0,3176.740506560394
212,2022-01-25,3156.8156785887704,2990.980849707654,3353.863838650683,3156.8156785887704,3156.8156785887704,24.877911174290738,24.877911174290738,24.877911174290738,24.877911174290738,24.877911174290738,24.877911174290738,0.0,0.0,0.0,3181.693589763061
213,2022-01-26,3152.686755028597,2996.2885785297603,3368.2552355612193,3152.686755028597,3152.686755028597,24.37299778658057,24.37299778658057,24.37299778658057,24.37299778658057,24.37299778658057,24.37299778658057,0.0,0.0,0.0,3177.0597528151775
214,2022-01-27,3148.557831468423,2999.355502197986,3350.853526901826,3148.557831468423,3148.557831468423,23.731277693967254,23.731277693967254,23.731277693967254,23.731277693967254,23.731277693967254,23.731277693967254,0.0,0.0,0.0,3172.28910916239
215,2022-01-28,3144.42890790825,2989.749602485329,3326.348490699559,3144.42890790825,3144.42890790825,17.417361652700407,17.417361652700407,17.417361652700407,17.417361652700407,17.417361652700407,17.417361652700407,0.0,0.0,0.0,3161.8462695609505
216,2022-01-31,3132.0421372277297,2968.400581252463,3328.0391715207734,3132.0421372277297,3132.0421372277297,15.795904411500542,15.795904411500542,15.795904411500542,15.795904411500542,15.795904411500542,15.795904411500542,0.0,0.0,0.0,3147.83804163923
217,2022-02-01,3127.9132136675566,2987.3606616590155,3328.5290288430974,3127.9132136675566,3127.9132136675566,24.877911174301584,24.877911174301584,24.877911174301584,24.877911174301584,24.877911174301584,24.877911174301584,0.0,0.0,0.0,3152.791124841858
218,2022-02-02,3123.7842901073827,2967.096109429873,3326.3933450387453,3123.7842901073827,3123.7842901073827,24.37299778657718,24.37299778657718,24.37299778657718,24.37299778657718,24.37299778657718,24.37299778657718,0.0,0.0,0.0,3148.15728789396
219,2022-02-03,3119.6553665472093,2963.781192144786,3314.4317106972435,3119.6553665472093,3119.6553665472093,23.731277693981138,23.731277693981138,23.731277693981138,23.731277693981138,23.731277693981138,23.731277693981138,0.0,0.0,0.0,3143.3866442411904
220,2022-02-04,3115.5264429870363,2949.888596882048,3312.858059417926,3115.5264429870363,3115.5264429870363,17.417361652906784,17.417361652906784,17.417361652906784,17.417361652906784,17.417361652906784,17.417361652906784,0.0,0.0,0.0,3132.943804639943
221,2022-02-07,3103.139672306516,2948.0130381855006,3306.667361346651,3103.139672306516,3103.139672306516,15.795904411550701,15.795904411550701,15.795904411550701,15.795904411550701,15.795904411550701,15.795904411550701,0.0,0.0,0.0,3118.9355767180664
222,2022-02-08,3099.010748746342,2956.6339614366484,3296.6224576475825,3099.010748746342,3099.010748746342,24.877911174286663,24.877911174286663,24.877911174286663,24.877911174286663,24.877911174286663,24.877911174286663,0.0,0.0,0.0,3123.8886599206285
223,2022-02-09,3094.8818251861685,2938.0942290919006,3300.7742505495135,3094.8818251861685,3094.8818251861685,24.37299778658113,24.37299778658113,24.37299778658113,24.37299778658113,24.37299778658113,24.37299778658113,0.0,0.0,0.0,3119.2548229727495
224,2022-02-10,3090.7529016259955,2942.1251142320325,3303.134674257782,3090.7529016259955,3090.7529016259955,23.731277693923392,23.731277693923392,23.731277693923392,23.731277693923392,23.731277693923392,23.731277693923392,0.0,0.0,0.0,3114.484179319919
225,2022-02-11,3086.6239780658216,2921.519108633536,3286.2879203263724,3086.6239780658216,3086.6239780658216,17.41736165282064,17.41736165282064,17.41736165282064,17.41736165282064,17.41736165282064,17.41736165282064,0.0,0.0,0.0,3104.041339718642
226,2022-02-14,3074.2372073853016,2907.0602460824343,3269.483218696812,3074.2372073853016,3074.2372073853016,15.795904411600864,15.795904411600864,15.795904411600864,15.795904411600864,15.795904411600864,15.795904411600864,0.0,0.0,0.0,3090.0331117969026
227,2022-02-15,3070.108283825128,2920.192933922525,3267.6250573269535,3070.108283825128,3070.108283825128,24.877911174321618,24.877911174321618,24.877911174321618,24.877911174321618,24.877911174321618,24.877911174321618,0.0,0.0,0.0,3094.9861949994497
228,2022-02-16,3065.9793602649547,2913.382767349477,3279.9599417898153,3065.9793602649547,3065.9793602649547,24.37299778657773,24.37299778657773,24.37299778657773,24.37299778657773,24.37299778657773,24.37299778657773,0.0,0.0,0.0,3090.3523580515325
229,2022-02-17,3061.8504367047813,2918.289973743661,3275.129810389038,3061.8504367047813,3061.8504367047813,23.731277693937283,23.731277693937283,23.731277693937283,23.731277693937283,23.731277693937283,23.731277693937283,0.0,0.0,0.0,3085.5817143987188
230,2022-02-18,3057.7215131446073,2901.5155208558594,3247.0988971392762,3057.7215131446073,3057.7215131446073,17.41736165281091,17.41736165281091,17.41736165281091,17.41736165281091,17.41736165281091,17.41736165281091,0.0,0.0,0.0,3075.1388747974183
231,2022-02-22,3041.205818903914,2894.607526678454,3240.1796587146705,3041.205818903914,3041.205818903914,24.877911174306693,24.877911174306693,24.877911174306693,24.877911174306693,24.877911174306693,24.877911174306693,0.0,0.0,0.0,3066.0837300782205
232,2022-02-23,3037.076895343741,2875.902510605917,3236.080147204644,3037.076895343741,3037.076895343741,24.37299778657434,24.37299778657434,24.37299778657434,24.37299778657434,24.37299778657434,24.37299778657434,0.0,0.0,0.0,3061.449893130315
233,2022-02-24,3032.947971783567,2898.666256397567,3241.4416351597765,3032.947971783567,3032.947971783567,23.731277693951174,23.731277693951174,23.731277693951174,23.731277693951174,23.731277693951174,23.731277693951174,0.0,0.0,0.0,3056.679249477518
234,2022-02-25,3028.8190482233936,2864.72276571712,3215.2367220413876,3028.8190482233936,3028.8190482233936,17.417361652762974,17.417361652762974,17.417361652762974,17.417361652762974,17.417361652762974,17.417361652762974,0.0,0.0,0.0,3046.2364098761564
235,2022-02-28,3016.432277542873,2862.9601916594074,3214.414275008354,3016.432277542873,3016.432277542873,15.795904411701185,15.795904411701185,15.795904411701185,15.795904411701185,15.795904411701185,15.795904411701185,0.0,0.0,0.0,3032.228181954574
236,2022-03-01,3012.3033539827,2866.3996206754455,3227.054414893473,3012.3033539827,3012.3033539827,24.87791117431754,24.87791117431754,24.87791117431754,24.87791117431754,24.87791117431754,24.87791117431754,0.0,0.0,0.0,3037.1812651570176
237,2022-03-02,3008.1744304225263,2866.3909735510906,3223.6701165599247,3008.1744304225263,3008.1744304225263,24.37299778657829,24.37299778657829,24.37299778657829,24.37299778657829,24.37299778657829,24.37299778657829,0.0,0.0,0.0,3032.5474282091045
238,2022-03-03,3004.045506862353,2846.671728732668,3207.253947037735,3004.045506862353,3004.045506862353,23.731277693912595,23.731277693912595,23.731277693912595,23.731277693912595,23.731277693912595,23.731277693912595,0.0,0.0,0.0,3027.7767845562653
239,2022-03-04,2999.91658330218,2836.3230943677736,3190.0293132522197,2999.91658330218,2999.91658330218,17.417361652715037,17.417361652715037,17.417361652715037,17.417361652715037,17.417361652715037,17.417361652715037,0.0,0.0,0.0,3017.333944954895
240,2022-03-07,2987.5298126216594,2817.8162797491423,3187.161992527405,2987.5298126216594,2987.5298126216594,15.795904411708557,15.795904411708557,15.795904411708557,15.795904411708557,15.795904411708557,15.795904411708557,0.0,0.0,0.0,3003.325717033368
241,2022-03-08,2983.400889061486,2834.4257613626296,3186.9290433763463,2983.400889061486,2983.400889061486,24.877911174302618,24.877911174302618,24.877911174302618,24.877911174302618,24.877911174302618,24.877911174302618,0.0,0.0,0.0,3008.2788002357884
242,2022-03-09,2979.2719655013125,2818.281438413093,3192.6166269096175,2979.2719655013125,2979.2719655013125,24.37299778657797,24.37299778657797,24.37299778657797,24.37299778657797,24.37299778657797,24.37299778657797,0.0,0.0,0.0,3003.6449632878903
243,2022-03-10,2975.143041941139,2825.8546602701394,3174.1585112950925,2975.143041941139,2975.143041941139,23.73127769390732,23.73127769390732,23.73127769390732,23.73127769390732,23.73127769390732,23.73127769390732,0.0,0.0,0.0,2998.8743196350465
244,2022-03-11,2971.0141183809656,2821.4001040209223,3176.4122600628034,2971.0141183809656,2971.0141183809656,17.417361652667104,17.417361652667104,17.417361652667104,17.417361652667104,17.417361652667104,17.417361652667104,0.0,0.0,0.0,2988.431480033633
245,2022-03-14,2958.627347700445,2807.709916715654,3152.485929347386,2958.627347700445,2958.627347700445,15.795904411536105,15.795904411536105,15.795904411536105,15.795904411536105,15.795904411536105,15.795904411536105,0.0,0.0,0.0,2974.423252111981
246,2022-03-15,2954.4984241402717,2801.2950921453735,3156.7273997698085,2954.4984241402717,2954.4984241402717,24.877911174287686,24.877911174287686,24.877911174287686,24.877911174287686,24.877911174287686,24.877911174287686,0.0,0.0,0.0,2979.3763353145596
247,2022-03-16,2950.3695005800982,2795.193293616371,3147.5542683152166,2950.3695005800982,2950.3695005800982,24.37299778657825,24.37299778657825,24.37299778657825,24.37299778657825,24.37299778657825,24.37299778657825,0.0,0.0,0.0,2974.7424983666765
248,2022-03-17,2946.240577019925,2793.0231008781334,3141.382741093314,2946.240577019925,2946.240577019925,23.73127769394038,23.73127769394038,23.73127769394038,23.73127769394038,23.73127769394038,23.73127769394038,0.0,0.0,0.0,2969.971854713865
249,2022-03-18,2942.111653459752,2777.076598043525,3143.5447585169622,2942.111653459752,2942.111653459752,17.41736165265737,17.41736165265737,17.41736165265737,17.41736165265737,17.41736165265737,17.41736165265737,0.0,0.0,0.0,2959.529015112409
250,2022-03-21,2929.7248827792314,2765.118398307377,3121.846544849475,2929.7248827792314,2929.7248827792314,15.795904411586267,15.795904411586267,15.795904411586267,15.795904411586267,15.795904411586267,15.795904411586267,0.0,0.0,0.0,2945.520787190818
251,2022-03-22,2925.5959592190575,2772.216817386291,3135.3883580175343,2925.5959592190575,2925.5959592190575,24.877911174272768,24.877911174272768,24.877911174272768,24.877911174272768,24.877911174272768,24.877911174272768,0.0,0.0,0.0,2950.4738703933303
252,2022-03-23,2921.4670356588845,2769.4540174628896,3123.868661441179,2921.4670356588845,2921.4670356588845,24.372997786574853,24.372997786574853,24.372997786574853,24.372997786574853,24.372997786574853,24.372997786574853,0.0,0.0,0.0,2945.8400334454595
253,2022-03-24,2917.338112098711,2753.0837647028106,3111.156201477744,2917.338112098711,2917.338112098711,23.731277693935095,23.731277693935095,23.731277693935095,23.731277693935095,23.731277693935095,23.731277693935095,0.0,0.0,0.0,2941.0693897926462
254,2022-03-25,2913.209188538537,2755.1194551762605,3104.710593508516,2913.209188538537,2913.209188538537,17.417361652825544,17.417361652825544,17.417361652825544,17.417361652825544,17.417361652825544,17.417361652825544,0.0,0.0,0.0,2930.6265501913626
255,2022-03-26,2909.080264978364,2682.134549845188,3024.815810999969,2909.080264978364,2909.080264978364,-53.097726319521726,-53.097726319521726,-53.097726319521726,-53.097726319521726,-53.097726319521726,-53.097726319521726,0.0,0.0,0.0,2855.9825386588423
256,2022-03-27,2904.9513414181906,2669.8246039455585,3032.295587119433,2904.9513414181906,2904.9835770793266,-53.097726399529094,-53.097726399529094,-53.097726399529094,-53.097726399529094,-53.097726399529094,-53.097726399529094,0.0,0.0,0.0,2851.8536150186615
257,2022-03-28,2900.822417858017,2734.118677820903,3082.912789321628,2900.808636523568,2900.939488620607,15.795904411636426,15.795904411636426,15.795904411636426,15.795904411636426,15.795904411636426,15.795904411636426,0.0,0.0,0.0,2916.6183222696536
258,2022-03-29,2896.6934942978437,2735.404194556238,3088.258300705073,2896.631056615207,2896.9807825160738,24.87791117428361,24.87791117428361,24.87791117428361,24.87791117428361,24.87791117428361,24.87791117428361,0.0,0.0,0.0,2921.5714054721275
259,2022-03-30,2892.5645707376702,2726.829747177697,3098.9439344672537,2892.383569558277,2893.006341064519,24.372997786581873,24.372997786581873,24.372997786581873,24.372997786581873,24.372997786581873,24.372997786581873,0.0,0.0,0.0,2916.937568524252
260,2022-03-31,2888.435647177497,2727.6816802071157,3086.8426506275046,2888.105195611232,2889.1200773507067,23.73127769392982,23.73127769392982,23.73127769392982,23.73127769392982,23.73127769392982,23.73127769392982,0.0,0.0,0.0,2912.1669248714265
261,2022-04-01,2884.3067236173238,2721.0971407292664,3072.729598231474,2883.840388139844,2885.196151846961,17.417361652777608,17.417361652777608,17.417361652777608,17.417361652777608,17.417361652777608,17.417361652777608,0.0,0.0,0.0,2901.7240852701016
262,2022-04-02,2880.17780005715,2659.2830886396177,3002.183741981781,2879.491257448424,2881.3553301790607,-53.09772631954703,-53.09772631954703,-53.09772631954703,-53.09772631954703,-53.09772631954703,-53.09772631954703,0.0,0.0,0.0,2827.080073737603
263,2022-04-03,2876.0488764969764,2650.05194620738,3001.700580776557,2875.1793195393193,2877.5590744278065,-53.097726399505234,-53.097726399505234,-53.097726399505234,-53.097726399505234,-53.097726399505234,-53.097726399505234,0.0,0.0,0.0,2822.9511500974713
264,2022-04-04,2871.919952936803,2705.21161632147,3066.3317329363003,2870.7396762038284,2873.7808740845026,15.795904411643805,15.795904411643805,15.795904411643805,15.795904411643805,15.795904411643805,15.795904411643805,0.0,0.0,0.0,2887.7158573484467
265,2022-04-05,2867.7910293766295,2729.0890135166455,3056.461059397685,2866.3256732373097,2870.038767136081,24.8779111742928,24.8779111742928,24.8779111742928,24.8779111742928,24.8779111742928,24.8779111742928,0.0,0.0,0.0,2892.6689405509223
266,2022-04-06,2863.6621058164565,2704.2958037650033,3057.5937208641367,2861.8157308129375,2866.276676172897,24.37299778657848,24.37299778657848,24.37299778657848,24.37299778657848,24.37299778657848,24.37299778657848,0.0,0.0,0.0,2888.035103603035
267,2022-04-07,2859.5331822562825,2707.534772730526,3067.3989606771834,2857.316585460944,2862.428264922139,23.73127769396288,23.73127769396288,23.73127769396288,23.73127769396288,23.73127769396288,23.73127769396288,0.0,0.0,0.0,2883.2644599502455
268,2022-04-08,2855.404258696109,2701.0561245340023,3047.641993310624,2852.7290159418717,2858.7096076348653,17.41736165272967,17.41736165272967,17.41736165272967,17.41736165272967,17.41736165272967,17.41736165272967,0.0,0.0,0.0,2872.8216203488387
269,2022-04-09,2851.275335135936,2627.9003714272244,2981.694035758719,2848.2979181631717,2854.9783552884182,-53.097726319572345,-53.097726319572345,-53.097726319572345,-53.097726319572345,-53.097726319572345,-53.097726319572345,0.0,0.0,0.0,2798.1776088163638
270,2022-04-10,2847.1464115757626,2624.622902554327,2982.135580682072,2843.8731605010616,2851.2989956422957,-53.09772639967707,-53.09772639967707,-53.09772639967707,-53.09772639967707,-53.09772639967707,-53.09772639967707,0.0,0.0,0.0,2794.0486851760857
271,2022-04-11,2843.0174880155887,2674.0969736920542,3023.7554192226294,2839.449927148122,2847.678393932132,15.795904411651176,15.795904411651176,15.795904411651176,15.795904411651176,15.795904411651176,15.795904411651176,0.0,0.0,0.0,2858.8133924272397
272,2022-04-12,2838.8885644554157,2689.671765309881,3036.350789898734,2834.958138970631,2843.881109352206,24.877911174303648,24.877911174303648,24.877911174303648,24.877911174303648,24.877911174303648,24.877911174303648,0.0,0.0,0.0,2863.7664756297195
273,2022-04-13,2834.7596408952422,2695.367024978257,3038.2992690498145,2830.435179970278,2840.2341543046837,24.37299778657876,24.37299778657876,24.37299778657876,24.37299778657876,24.37299778657876,24.37299778657876,0.0,0.0,0.0,2859.132638681821
274,2022-04-14,2830.6307173350688,2681.77062655473,3034.900723683518,2825.817130015702,2836.544758740671,23.731277693957605,23.731277693957605,23.731277693957605,23.731277693957605,23.731277693957605,23.731277693957605,0.0,0.0,0.0,2854.3619950290263
275,2022-04-15,2826.5017937748953,2665.1781965093815,3011.5019996834017,2821.2390323079235,2832.822604785836,17.41736165271994,17.41736165271994,17.41736165271994,17.41736165271994,17.41736165271994,17.41736165271994,0.0,0.0,0.0,2843.9191554276154
276,2022-04-16,2822.372870214722,2605.624449299441,2959.5873518993667,2816.5993925290118,2829.2610563255084,-53.097726319597655,-53.097726319597655,-53.097726319597655,-53.097726319597655,-53.097726319597655,-53.097726319597655,0.0,0.0,0.0,2769.275143895124
277,2022-04-17,2818.2439466545484,2566.9675076425574,2937.492536624566,2811.9686796428196,2825.736848557435,-53.09772639960192,-53.09772639960192,-53.09772639960192,-53.09772639960192,-53.09772639960192,-53.09772639960192,0.0,0.0,0.0,2765.1462202549465
278,2022-04-18,2814.115023094375,2651.9438984424546,3019.4258202365113,2807.2631850212606,2822.041747824624,15.795904411744123,15.795904411744123,15.795904411744123,15.795904411744123,15.795904411744123,15.795904411744123,0.0,0.0,0.0,2829.910927506119
279,2022-04-19,2809.986099534202,2657.0266887575767,3006.7777667961186,2802.5635600138735,2818.417510994211,24.87791117428872,24.87791117428872,24.87791117428872,24.87791117428872,24.87791117428872,24.87791117428872,0.0,0.0,0.0,2834.8640107084907
280,2022-04-20,2805.857175974028,2650.7619772654252,3004.1537537121635,2798.09525512648,2814.8849436981477,24.372997786579038,24.372997786579038,24.372997786579038,24.372997786579038,24.372997786579038,24.372997786579038,0.0,0.0,0.0,2830.230173760607
281,2022-04-21,2801.7282524138545,2660.9436923345534,2996.2732265702316,2793.403812020888,2811.3347534074355,23.731277693919026,23.731277693919026,23.731277693919026,23.731277693919026,23.731277693919026,23.731277693919026,0.0,0.0,0.0,2825.4595301077734
282,2022-04-22,2797.5993288536815,2644.252204688352,3003.1725872545994,2788.5085288452415,2807.58625126662,17.417361652849902,17.417361652849902,17.417361652849902,17.417361652849902,17.417361652849902,17.417361652849902,0.0,0.0,0.0,2815.0166905065316
283,2022-04-23,2793.4704052935076,2555.460746588469,2920.316623085169,2783.6715891997264,2803.849895251689,-53.09772631967266,-53.09772631967266,-53.09772631967266,-53.09772631967266,-53.09772631967266,-53.09772631967266,0.0,0.0,0.0,2740.372678973835
